{"cameraMode":{"drawMode":0,"name":"Shaded","section":"Shading Mode"},"sceneLighting":true,"audioPlay":false,"sceneViewState":{"showFog":true,"showMaterialUpdate":false,"showSkybox":true,"showFlares":true,"showImageEffects":true,"showParticleSystems":true},"in2DMode":false,"pivot":{"x":19.71392822265625,"y":3.2371063232421877,"z":-5.177501678466797},"rotation":{"x":0.02657175064086914,"y":0.9724164009094238,"z":-0.13982218503952027,"w":0.1847987025976181},"size":10.0,"orthographic":false}